{"cameraMode":{"drawMode":0,"name":"Shaded","section":"Shading Mode"},"sceneLighting":false,"audioPlay":false,"sceneViewState":{"showFog":true,"showMaterialUpdate":false,"showSkybox":false,"showFlares":true,"showImageEffects":true,"showParticleSystems":true,"showVisualEffectGraphs":true,"m_FxEnabled":false},"in2DMode":false,"pivot":{"x":-0.28311362862586977,"y":6.9819536209106449,"z":19.826847076416017},"rotation":{"x":0.07679522037506104,"y":0.2917080819606781,"z":-0.023503094911575319,"w":0.9531305432319641},"size":7.376697063446045,"orthographic":true}